slug,タイトル,発生日,発生時期（表示用）,場所,スタイル,結果,タグ,概要,経過,考えられる原因,防ぐためのポイント,関連資料,出典,公開状態
sample-buddy-separation,【記入例・架空】ボートダイビングでのバディ離れ,2025-07-12,2025年7月,（架空）沖縄県・慶良間,ボート,ヒヤリ,バディ離れ、視界不良,この事例は記入例です（架空）。透明度が落ちた水深15m付近でバディを見失い、1分探した後に浮上して水面で合流した。,"10:05 エントリー
10:20 透明度が低下、バディとの距離が開く
10:23 バディを見失い、1分間その場で探す
10:25 安全停止をして浮上、水面で合流","視界が悪くなった時点で距離を詰めなかった
見失ったときの手順をエントリー前に確認していなかった","視界が落ちたら手が届く距離まで近づく
「1分探して見つからなければ浮上」をエントリー前に確認する
浮上時は安全停止を必ず行う",basics-ch2,,
sample-free-flow,【記入例・架空】水中でのフリーフロー,,2024年夏,（架空）静岡県・伊豆,ビーチ,軽症,機材トラブル、エア切れ,この事例は記入例です（架空）。水深18mでレギュレーターがフリーフローを起こし、バディのオクトパスで浮上した。,,"オーバーホールの時期を2年以上過ぎていた
潜る前の機材チェックで小さな空気漏れを見逃した","潜る前にレギュレーターを吸って音と吸い心地を確かめる
オーバーホールはメーカー指定の周期で行う
フリーフロー時の呼吸の練習をしておく","gear-signs
basics-ch4",記入例（架空） | https://example.com,下書き
